[{"model": "auth.permission", "pk": 1, "fields": {"name": "Can add log entry", "content_type": 1, "codename": "add_logentry"}}, {"model": "auth.permission", "pk": 2, "fields": {"name": "Can change log entry", "content_type": 1, "codename": "change_logentry"}}, {"model": "auth.permission", "pk": 3, "fields": {"name": "Can delete log entry", "content_type": 1, "codename": "delete_logentry"}}, {"model": "auth.permission", "pk": 4, "fields": {"name": "Can view log entry", "content_type": 1, "codename": "view_logentry"}}, {"model": "auth.permission", "pk": 5, "fields": {"name": "Can add permission", "content_type": 2, "codename": "add_permission"}}, {"model": "auth.permission", "pk": 6, "fields": {"name": "Can change permission", "content_type": 2, "codename": "change_permission"}}, {"model": "auth.permission", "pk": 7, "fields": {"name": "Can delete permission", "content_type": 2, "codename": "delete_permission"}}, {"model": "auth.permission", "pk": 8, "fields": {"name": "Can view permission", "content_type": 2, "codename": "view_permission"}}, {"model": "auth.permission", "pk": 9, "fields": {"name": "Can add group", "content_type": 3, "codename": "add_group"}}, {"model": "auth.permission", "pk": 10, "fields": {"name": "Can change group", "content_type": 3, "codename": "change_group"}}, {"model": "auth.permission", "pk": 11, "fields": {"name": "Can delete group", "content_type": 3, "codename": "delete_group"}}, {"model": "auth.permission", "pk": 12, "fields": {"name": "Can view group", "content_type": 3, "codename": "view_group"}}, {"model": "auth.permission", "pk": 13, "fields": {"name": "Can add content type", "content_type": 4, "codename": "add_contenttype"}}, {"model": "auth.permission", "pk": 14, "fields": {"name": "Can change content type", "content_type": 4, "codename": "change_contenttype"}}, {"model": "auth.permission", "pk": 15, "fields": {"name": "Can delete content type", "content_type": 4, "codename": "delete_contenttype"}}, {"model": "auth.permission", "pk": 16, "fields": {"name": "Can view content type", "content_type": 4, "codename": "view_contenttype"}}, {"model": "auth.permission", "pk": 17, "fields": {"name": "Can add session", "content_type": 5, "codename": "add_session"}}, {"model": "auth.permission", "pk": 18, "fields": {"name": "Can change session", "content_type": 5, "codename": "change_session"}}, {"model": "auth.permission", "pk": 19, "fields": {"name": "Can delete session", "content_type": 5, "codename": "delete_session"}}, {"model": "auth.permission", "pk": 20, "fields": {"name": "Can view session", "content_type": 5, "codename": "view_session"}}, {"model": "auth.permission", "pk": 21, "fields": {"name": "Can add user", "content_type": 6, "codename": "add_user"}}, {"model": "auth.permission", "pk": 22, "fields": {"name": "Can change user", "content_type": 6, "codename": "change_user"}}, {"model": "auth.permission", "pk": 23, "fields": {"name": "Can delete user", "content_type": 6, "codename": "delete_user"}}, {"model": "auth.permission", "pk": 24, "fields": {"name": "Can view user", "content_type": 6, "codename": "view_user"}}, {"model": "auth.permission", "pk": 25, "fields": {"name": "Can add workout", "content_type": 7, "codename": "add_workout"}}, {"model": "auth.permission", "pk": 26, "fields": {"name": "Can change workout", "content_type": 7, "codename": "change_workout"}}, {"model": "auth.permission", "pk": 27, "fields": {"name": "Can delete workout", "content_type": 7, "codename": "delete_workout"}}, {"model": "auth.permission", "pk": 28, "fields": {"name": "Can view workout", "content_type": 7, "codename": "view_workout"}}, {"model": "auth.permission", "pk": 29, "fields": {"name": "Can add activity", "content_type": 8, "codename": "add_activity"}}, {"model": "auth.permission", "pk": 30, "fields": {"name": "Can change activity", "content_type": 8, "codename": "change_activity"}}, {"model": "auth.permission", "pk": 31, "fields": {"name": "Can delete activity", "content_type": 8, "codename": "delete_activity"}}, {"model": "auth.permission", "pk": 32, "fields": {"name": "Can view activity", "content_type": 8, "codename": "view_activity"}}, {"model": "auth.permission", "pk": 33, "fields": {"name": "Can add group", "content_type": 9, "codename": "add_group"}}, {"model": "auth.permission", "pk": 34, "fields": {"name": "Can change group", "content_type": 9, "codename": "change_group"}}, {"model": "auth.permission", "pk": 35, "fields": {"name": "Can delete group", "content_type": 9, "codename": "delete_group"}}, {"model": "auth.permission", "pk": 36, "fields": {"name": "Can view group", "content_type": 9, "codename": "view_group"}}, {"model": "auth.permission", "pk": 37, "fields": {"name": "Can add memberships", "content_type": 10, "codename": "add_memberships"}}, {"model": "auth.permission", "pk": 38, "fields": {"name": "Can change memberships", "content_type": 10, "codename": "change_memberships"}}, {"model": "auth.permission", "pk": 39, "fields": {"name": "Can delete memberships", "content_type": 10, "codename": "delete_memberships"}}, {"model": "auth.permission", "pk": 40, "fields": {"name": "Can view memberships", "content_type": 10, "codename": "view_memberships"}}, {"model": "auth.permission", "pk": 41, "fields": {"name": "Can add suggestion", "content_type": 11, "codename": "add_suggestion"}}, {"model": "auth.permission", "pk": 42, "fields": {"name": "Can change suggestion", "content_type": 11, "codename": "change_suggestion"}}, {"model": "auth.permission", "pk": 43, "fields": {"name": "Can delete suggestion", "content_type": 11, "codename": "delete_suggestion"}}, {"model": "auth.permission", "pk": 44, "fields": {"name": "Can view suggestion", "content_type": 11, "codename": "view_suggestion"}}, {"model": "auth.permission", "pk": 45, "fields": {"name": "Can add follows", "content_type": 12, "codename": "add_follows"}}, {"model": "auth.permission", "pk": 46, "fields": {"name": "Can change follows", "content_type": 12, "codename": "change_follows"}}, {"model": "auth.permission", "pk": 47, "fields": {"name": "Can delete follows", "content_type": 12, "codename": "delete_follows"}}, {"model": "auth.permission", "pk": 48, "fields": {"name": "Can view follows", "content_type": 12, "codename": "view_follows"}}, {"model": "auth.permission", "pk": 49, "fields": {"name": "Can add Token", "content_type": 13, "codename": "add_token"}}, {"model": "auth.permission", "pk": 50, "fields": {"name": "Can change Token", "content_type": 13, "codename": "change_token"}}, {"model": "auth.permission", "pk": 51, "fields": {"name": "Can delete Token", "content_type": 13, "codename": "delete_token"}}, {"model": "auth.permission", "pk": 52, "fields": {"name": "Can view Token", "content_type": 13, "codename": "view_token"}}, {"model": "auth.permission", "pk": 53, "fields": {"name": "Can add comment", "content_type": 14, "codename": "add_comment"}}, {"model": "auth.permission", "pk": 54, "fields": {"name": "Can change comment", "content_type": 14, "codename": "change_comment"}}, {"model": "auth.permission", "pk": 55, "fields": {"name": "Can delete comment", "content_type": 14, "codename": "delete_comment"}}, {"model": "auth.permission", "pk": 56, "fields": {"name": "Can view comment", "content_type": 14, "codename": "view_comment"}}, {"model": "contenttypes.contenttype", "pk": 1, "fields": {"app_label": "admin", "model": "logentry"}}, {"model": "contenttypes.contenttype", "pk": 2, "fields": {"app_label": "auth", "model": "permission"}}, {"model": "contenttypes.contenttype", "pk": 3, "fields": {"app_label": "auth", "model": "group"}}, {"model": "contenttypes.contenttype", "pk": 4, "fields": {"app_label": "contenttypes", "model": "contenttype"}}, {"model": "contenttypes.contenttype", "pk": 5, "fields": {"app_label": "sessions", "model": "session"}}, {"model": "contenttypes.contenttype", "pk": 6, "fields": {"app_label": "api", "model": "user"}}, {"model": "contenttypes.contenttype", "pk": 7, "fields": {"app_label": "api", "model": "workout"}}, {"model": "contenttypes.contenttype", "pk": 8, "fields": {"app_label": "api", "model": "activity"}}, {"model": "contenttypes.contenttype", "pk": 9, "fields": {"app_label": "api", "model": "group"}}, {"model": "contenttypes.contenttype", "pk": 10, "fields": {"app_label": "api", "model": "memberships"}}, {"model": "contenttypes.contenttype", "pk": 11, "fields": {"app_label": "api", "model": "suggestion"}}, {"model": "contenttypes.contenttype", "pk": 12, "fields": {"app_label": "api", "model": "follows"}}, {"model": "contenttypes.contenttype", "pk": 13, "fields": {"app_label": "authtoken", "model": "token"}}, {"model": "contenttypes.contenttype", "pk": 14, "fields": {"app_label": "api", "model": "comment"}}, {"model": "sessions.session", "pk": "gmbgaabgxfujfcep0g0ti9qwd4df4kxu", "fields": {"session_data": "NTBlNjIzMGJmZDFiMjk4YzhhZWM3OGJlOTAwZTg2MGM3YTc1NmI2Mzp7Il9hdXRoX3VzZXJfaWQiOiI4IiwiX2F1dGhfdXNlcl9iYWNrZW5kIjoiZGphbmdvLmNvbnRyaWIuYXV0aC5iYWNrZW5kcy5Nb2RlbEJhY2tlbmQiLCJfYXV0aF91c2VyX2hhc2giOiIxZDUwOGQ5Mjc2YjZlOGJhYjU5MWY1Y2ZmYzVhNmU2MjEyNjI1M2IxIn0=", "expire_date": "2020-07-08T02:45:48.933Z"}}, {"model": "sessions.session", "pk": "ms19o4vxg5upmunie4z7flkdqkmpmv8v", "fields": {"session_data": "ZTBlYWViMTc0NGY0ZGIzMWQ4NmQ0NzAyNmZmZTMyZWJlNGNiNTY2NDp7fQ==", "expire_date": "2020-07-10T20:54:31.946Z"}}, {"model": "sessions.session", "pk": "qkzo7ojzbo1fga25vq8xuqiwlu0zz5b9", "fields": {"session_data": "ZTBlYWViMTc0NGY0ZGIzMWQ4NmQ0NzAyNmZmZTMyZWJlNGNiNTY2NDp7fQ==", "expire_date": "2020-06-30T00:08:41.684Z"}}, {"model": "api.user", "pk": 1, "fields": {"password": "pbkdf2_sha256$180000$tLVBWqx1iZYK$LylnJNXRZtlUNsZNgT1gcGH52/dJh+yEVlXWszQ9hhk=", "last_login": "2020-06-24T00:34:04.870Z", "is_superuser": true, "username": "max", "first_name": "Max", "last_name": "", "email": "max@example.com", "is_staff": true, "is_active": true, "date_joined": "2020-06-13T20:26:43.731Z", "bio": "I don’t have a last name and I am in the scrub training group... what is the meaning of life?", "year": "GR", "groups": [], "user_permissions": []}}, {"model": "api.user", "pk": 2, "fields": {"password": "pbkdf2_sha256$180000$BozMQtK4Va9f$jM8NHbB2tRZuZRSGOUJ7lw7bTbzDEYwD2GBIYwbN4gM=", "last_login": "2020-06-23T22:21:58.765Z", "is_superuser": true, "username": "admin", "first_name": "Ad", "last_name": "Min", "email": "admin@example.com", "is_staff": true, "is_active": true, "date_joined": "2020-06-13T20:28:13.787Z", "bio": "Hi I am an Admin.", "year": "SO", "groups": [], "user_permissions": []}}, {"model": "api.user", "pk": 3, "fields": {"password": "pbkdf2_sha256$180000$mFySOCMjiJY3$fEbYrNvFqfnNNSTg4qUahhXd2GsL3gtWR7qL1X2vxEY=", "last_login": null, "is_superuser": true, "username": "joe", "first_name": "Joe", "last_name": "", "email": "joe@example.com", "is_staff": true, "is_active": true, "date_joined": "2020-06-13T20:28:42.697Z", "bio": "", "year": "FR", "groups": [], "user_permissions": []}}, {"model": "api.user", "pk": 4, "fields": {"password": "pbkdf2_sha256$180000$PLVDYl5JIJJA$rWKB+naC2nnG+tOhIoSQyosqWQ1yrizfUCsnaqPyGWc=", "last_login": "2020-06-16T00:08:41.688Z", "is_superuser": false, "username": "maxrzaw", "first_name": "Maxwell", "last_name": "Zawisa", "email": "maxrzaw@umich.edu", "is_staff": false, "is_active": true, "date_joined": "2020-06-16T00:08:41.458Z", "bio": "", "year": "FR", "groups": [], "user_permissions": []}}, {"model": "api.user", "pk": 5, "fields": {"password": "pbkdf2_sha256$180000$suFrvunDVmQk$07q008z4ECfsxZj/FLsArvrj65o6zR2fiNRRGjfcm+w=", "last_login": "2020-06-16T00:11:12.170Z", "is_superuser": false, "username": "test", "first_name": "test", "last_name": "test", "email": "test@faq.com", "is_staff": false, "is_active": true, "date_joined": "2020-06-16T00:11:11.952Z", "bio": "", "year": "FR", "groups": [], "user_permissions": []}}, {"model": "api.user", "pk": 6, "fields": {"password": "pbkdf2_sha256$180000$mtYokeDTTmQg$6f3MmDLj8YCdnfr6aLs6XsOb5bu9CasNP/oamqbisxs=", "last_login": "2020-06-16T01:00:52.846Z", "is_superuser": false, "username": "arding", "first_name": "Andrew", "last_name": "Dingwall", "email": "arding@test.com", "is_staff": false, "is_active": true, "date_joined": "2020-06-16T01:00:52.605Z", "bio": "This is a test\r\nMy bio is two lines", "year": "FR", "groups": [], "user_permissions": []}}, {"model": "api.user", "pk": 7, "fields": {"password": "", "last_login": null, "is_superuser": false, "username": "max123", "first_name": "max", "last_name": "zawisa", "email": "max123@email.com", "is_staff": false, "is_active": true, "date_joined": "2020-06-24T02:39:07.387Z", "bio": "test", "year": "FR", "groups": [], "user_permissions": []}}, {"model": "api.user", "pk": 8, "fields": {"password": "pbkdf2_sha256$180000$YIiw2EE4Axee$FDf9kO+Vw9BzBdwbOXjznWkPfbyhZgSRXNh8ptKzt+A=", "last_login": "2020-06-24T02:45:48.930Z", "is_superuser": false, "username": "Maxwell", "first_name": "Max", "last_name": "Zawisa", "email": "maxwell@email.com", "is_staff": false, "is_active": true, "date_joined": "2020-06-24T02:40:31.493Z", "bio": "I am not your coach!", "year": "SR", "groups": [], "user_permissions": []}}, {"model": "api.user", "pk": 9, "fields": {"password": "pbkdf2_sha256$180000$FALaDkBA24s3$Y5Wz0QTRZt4Dx++Ralf0QwBIWCiHUTGOOZebsl4xlic=", "last_login": "2020-06-26T20:54:31.950Z", "is_superuser": false, "username": "dummy", "first_name": "Dummy", "last_name": "McDumb", "email": "dumb@dumb.com", "is_staff": false, "is_active": true, "date_joined": "2020-06-26T20:54:31.742Z", "bio": "I am a dummy. My password is michigan123", "year": "SR", "groups": [], "user_permissions": []}}, {"model": "api.user", "pk": 10, "fields": {"password": "", "last_login": null, "is_superuser": false, "username": "maxIsFunny", "first_name": "Max", "last_name": "Zaw", "email": "maxrzaw@hehe.com", "is_staff": false, "is_active": true, "date_joined": "2020-07-09T20:15:19.572Z", "bio": "", "year": "FR", "groups": [], "user_permissions": []}}, {"model": "api.user", "pk": 11, "fields": {"password": "pbkdf2_sha256$180000$QrNk8SFTMqqD$t0O81zvtdjVKljlduAkbOm5cbPavrYIi18Od49xU6rg=", "last_login": null, "is_superuser": false, "username": "ben", "first_name": "", "last_name": "", "email": "", "is_staff": false, "is_active": true, "date_joined": "2020-07-09T20:49:41.775Z", "bio": "", "year": "FR", "groups": [], "user_permissions": []}}, {"model": "api.user", "pk": 12, "fields": {"password": "pbkdf2_sha256$180000$ueT4hHP4freg$opjjK1G94vqr8aunJQj59zRze75lfNFaHAGuzCy28Ik=", "last_login": null, "is_superuser": false, "username": "mzawisa", "first_name": "", "last_name": "", "email": "maxwell@testing.com", "is_staff": false, "is_active": true, "date_joined": "2020-07-09T23:00:35.563Z", "bio": "", "year": "FR", "groups": [], "user_permissions": []}}, {"model": "api.user", "pk": 13, "fields": {"password": "pbkdf2_sha256$180000$E92M8Wfl8pB2$3R9fugAv18owy5XrJq9UjFaHy9mfw6ZnNGBfTVlrBfk=", "last_login": null, "is_superuser": false, "username": "mzawisa2", "first_name": "", "last_name": "", "email": "maxwell2@testing.com", "is_staff": false, "is_active": true, "date_joined": "2020-07-09T23:09:46.303Z", "bio": "", "year": "FR", "groups": [], "user_permissions": []}}, {"model": "api.user", "pk": 14, "fields": {"password": "pbkdf2_sha256$180000$pX6Dauy4yo57$ZY1hetMC91PXE932Gxp1IbmyqlawD35zc+amTtlgqGw=", "last_login": null, "is_superuser": false, "username": "mzawisa3", "first_name": "", "last_name": "", "email": "maxwell3@testing.com", "is_staff": false, "is_active": true, "date_joined": "2020-07-10T00:05:08.647Z", "bio": "", "year": "FR", "groups": [], "user_permissions": []}}, {"model": "api.user", "pk": 15, "fields": {"password": "pbkdf2_sha256$180000$Idigs5LnLbJr$Y7K9sY02QTIoXl78kSd+IjMfl0nG/AJ2iWkWyqOH7A8=", "last_login": null, "is_superuser": false, "username": "mzawisa4", "first_name": "", "last_name": "", "email": "maxwell4@testing.com", "is_staff": false, "is_active": true, "date_joined": "2020-07-10T00:07:18.023Z", "bio": "", "year": "FR", "groups": [], "user_permissions": []}}, {"model": "api.group", "pk": 10, "fields": {"name": "None", "description": "No group selected"}}, {"model": "api.group", "pk": 1, "fields": {"name": "Short Sprints", "description": "100m and 200m specialists."}}, {"model": "api.group", "pk": 2, "fields": {"name": "Long Sprints", "description": "200m and 400m specialists."}}, {"model": "api.group", "pk": 3, "fields": {"name": "Distance", "description": "Skinny distance runners"}}, {"model": "api.group", "pk": 4, "fields": {"name": "scrubs", "description": "I am making a new group for scrubs2.0."}}, {"model": "api.memberships", "pk": 1, "fields": {"user": 1, "group": 10}}, {"model": "api.memberships", "pk": 2, "fields": {"user": 2, "group": 2}}, {"model": "api.memberships", "pk": 3, "fields": {"user": 3, "group": 2}}, {"model": "api.memberships", "pk": 4, "fields": {"user": 15, "group": 4}}, {"model": "api.memberships", "pk": 5, "fields": {"user": 4, "group": 1}}, {"model": "api.memberships", "pk": 6, "fields": {"user": 5, "group": 2}}, {"model": "api.memberships", "pk": 7, "fields": {"user": 6, "group": 3}}, {"model": "api.memberships", "pk": 8, "fields": {"user": 7, "group": 4}}, {"model": "api.memberships", "pk": 9, "fields": {"user": 8, "group": 2}}, {"model": "api.memberships", "pk": 10, "fields": {"user": 9, "group": 2}}, {"model": "api.memberships", "pk": 11, "fields": {"user": 10, "group": 3}}, {"model": "api.workout", "pk": 1, "fields": {"title": "Test workout", "description": "This is a test workout", "owner": 2, "deleted": true, "category": "T"}}, {"model": "api.workout", "pk": 2, "fields": {"title": "4x400m", "description": "4 min rest between reps. I don't recommend wearing spikes for these.", "owner": 1, "deleted": false, "category": "T"}}, {"model": "api.workout", "pk": 3, "fields": {"title": "Lots of 100s", "description": "Run 100m and rest for 20 sec then run 100m again. Do this for 20-30 reps.", "owner": 1, "deleted": false, "category": "T"}}, {"model": "api.workout", "pk": 4, "fields": {"title": "Lots of 100s", "description": "Run 100m and rest for 20 sec then run 100m again. Do this for 20-30 reps.", "owner": 1, "deleted": false, "category": "T"}}, {"model": "api.workout", "pk": 5, "fields": {"title": "600s", "description": "4x600m 4 min rest.", "owner": 8, "deleted": false, "category": "T"}}, {"model": "api.workout", "pk": 9, "fields": {"title": "test workout.", "description": "This is made from the activity summary.", "owner": 1, "deleted": false, "category": "T"}}, {"model": "api.workout", "pk": 10, "fields": {"title": "400s", "description": "run lots of 400s.", "owner": 1, "deleted": false, "category": "T"}}, {"model": "api.workout", "pk": 11, "fields": {"title": "400s", "description": "run lots of 400s.", "owner": 1, "deleted": false, "category": "T"}}, {"model": "api.workout", "pk": 12, "fields": {"title": "5 Mile Run", "description": "Long run of 5 miles. You probably dont need to go much farther than this.", "owner": 8, "deleted": false, "category": "L"}}, {"model": "api.workout", "pk": 13, "fields": {"title": "3 Mile Run", "description": "Long run of 3 miles. Just your standard long run", "owner": 8, "deleted": false, "category": "L"}}, {"model": "api.workout", "pk": 14, "fields": {"title": "Palmer Field Hills", "description": "Long run of 3 miles. Just your standard long run", "owner": 8, "deleted": false, "category": "H"}}, {"model": "api.workout", "pk": 15, "fields": {"title": "8x40m", "description": "8 by 40m with 4 min rest. These are for speed and I reccomend wearing spikes if possible.", "owner": 8, "deleted": false, "category": "S"}}, {"model": "api.workout", "pk": 16, "fields": {"title": "8x40m", "description": "8 by 40m with 4 min rest. These are for speed and I reccomend wearing spikes if possible.", "owner": 8, "deleted": false, "category": "S"}}, {"model": "api.workout", "pk": 17, "fields": {"title": "A Title", "description": "We nee", "owner": 8, "deleted": true, "category": "C"}}, {"model": "api.workout", "pk": 18, "fields": {"title": "Another Day of Core", "description": "W", "owner": 8, "deleted": true, "category": "C"}}, {"model": "api.workout", "pk": 19, "fields": {"title": "Let’s try this again", "description": "I think we need more speed workouts!", "owner": 8, "deleted": false, "category": "S"}}, {"model": "api.workout", "pk": 20, "fields": {"title": "Joe’s Workout", "description": "Joe is slow.\nLike really slow.", "owner": 8, "deleted": true, "category": "S"}}, {"model": "api.workout", "pk": 21, "fields": {"title": "Tuesday Core", "description": "Core usually lasts 15-20 min.\nWe start with 3 different planks and then for the most part do random exercises with short rests in between.", "owner": 8, "deleted": false, "category": "C"}}, {"model": "api.workout", "pk": 22, "fields": {"title": "Lame", "description": "This will be deleted SOON™", "owner": 2, "deleted": true, "category": "C"}}, {"model": "api.workout", "pk": 23, "fields": {"title": "150m Hill Repeats", "description": "150ish meter hill.\n6 reps with 3 min rest.", "owner": 8, "deleted": false, "category": "H"}}, {"model": "api.workout", "pk": 24, "fields": {"title": "Fallen Kingdom", "description": "The fallen kingdom quadrilogy is excellent!", "owner": 8, "deleted": false, "category": "L"}}, {"model": "api.workout", "pk": 25, "fields": {"title": "Stadium Stairs", "description": "Find some bleachers and run up and down for 2 min.\nRepeat 3-5 times.", "owner": 8, "deleted": false, "category": "H"}}, {"model": "api.workout", "pk": 26, "fields": {"title": "Rest Day", "description": "Take a day off of running but still do your daily core!", "owner": 2, "deleted": false, "category": "C"}}, {"model": "api.activity", "pk": 3, "fields": {"user": 1, "workout": 9, "time": "2020-06-30T21:56:10.552Z", "comment": "This is a test activity comment."}}, {"model": "api.activity", "pk": 4, "fields": {"user": 1, "workout": 10, "time": "2020-07-01T00:41:49.047Z", "comment": "This is a test activity comment."}}, {"model": "api.activity", "pk": 5, "fields": {"user": 1, "workout": 11, "time": "2020-07-01T00:41:59.755Z", "comment": "This is a test activity comment."}}, {"model": "api.activity", "pk": 6, "fields": {"user": 1, "workout": 1, "time": "2020-07-01T00:52:37Z", "comment": "Wonder what the time is?"}}, {"model": "api.activity", "pk": 7, "fields": {"user": 4, "workout": 2, "time": "2020-07-10T17:07:43Z", "comment": "test"}}, {"model": "api.activity", "pk": 8, "fields": {"user": 8, "workout": 1, "time": "2020-07-10T17:07:43Z", "comment": "test"}}, {"model": "api.activity", "pk": 9, "fields": {"user": 4, "workout": 2, "time": "2020-07-10T17:08:09Z", "comment": "test"}}, {"model": "api.activity", "pk": 10, "fields": {"user": 8, "workout": 1, "time": "2020-07-10T17:08:09Z", "comment": "test"}}, {"model": "api.activity", "pk": 11, "fields": {"user": 7, "workout": 2, "time": "2020-07-10T17:42:27Z", "comment": "test"}}, {"model": "api.activity", "pk": 12, "fields": {"user": 3, "workout": 2, "time": "2020-07-10T17:42:27Z", "comment": "test"}}, {"model": "api.activity", "pk": 16, "fields": {"user": 8, "workout": 21, "time": "2020-07-20T00:52:25.940Z", "comment": "Did some core on my birthday.\nIt was fun!"}}, {"model": "api.activity", "pk": 17, "fields": {"user": 8, "workout": 2, "time": "2020-07-20T01:45:16.742Z", "comment": "This is a test!"}}, {"model": "api.activity", "pk": 18, "fields": {"user": 2, "workout": 5, "time": "2020-07-20T05:38:00.059Z", "comment": "Why am I working out at 1:41 AM?\nI’m not"}}, {"model": "api.activity", "pk": 19, "fields": {"user": 2, "workout": 12, "time": "2020-07-21T20:29:55.867Z", "comment": "This is a test comment to go along with workout number 12"}}, {"model": "api.activity", "pk": 20, "fields": {"user": 8, "workout": 23, "time": "2020-07-21T22:01:06.855Z", "comment": "Great workout. let good and my ankles were not super stiff like they have been."}}, {"model": "api.activity", "pk": 21, "fields": {"user": 8, "workout": 23, "time": "2020-07-21T22:02:31.406Z", "comment": "Oops"}}, {"model": "api.activity", "pk": 22, "fields": {"user": 8, "workout": 23, "time": "2020-07-21T22:03:03.796Z", "comment": "Oops2"}}, {"model": "api.activity", "pk": 23, "fields": {"user": 8, "workout": 23, "time": "2020-07-21T22:06:51.155Z", "comment": "What is going on???\nWhy am I getting the wrong times?"}}, {"model": "api.activity", "pk": 24, "fields": {"user": 8, "workout": 23, "time": "2020-07-21T22:07:52.681Z", "comment": "One more time"}}, {"model": "api.activity", "pk": 25, "fields": {"user": 8, "workout": 23, "time": "2020-07-21T22:17:33.523Z", "comment": "One more try"}}, {"model": "api.activity", "pk": 26, "fields": {"user": 8, "workout": 14, "time": "2020-07-11T12:21:00Z", "comment": "This better work"}}, {"model": "api.activity", "pk": 28, "fields": {"user": 8, "workout": 24, "time": "2020-07-25T04:51:58.435Z", "comment": "I am literally watching them on repeat, they are soooo good. I kinda wanna see what happens with an emoji."}}, {"model": "api.activity", "pk": 34, "fields": {"user": 2, "workout": 2, "time": "2020-07-26T01:00:11.284Z", "comment": "A"}}, {"model": "api.suggestion", "pk": 1, "fields": {"group": 2, "workout": 2, "date": "2020-07-07"}}, {"model": "api.suggestion", "pk": 2, "fields": {"group": 1, "workout": 3, "date": "2020-07-07"}}, {"model": "api.suggestion", "pk": 3, "fields": {"group": 3, "workout": 5, "date": "2020-07-07"}}, {"model": "api.suggestion", "pk": 4, "fields": {"group": 2, "workout": 25, "date": "2020-07-28"}}, {"model": "api.suggestion", "pk": 5, "fields": {"group": 1, "workout": 25, "date": "2020-07-28"}}, {"model": "api.suggestion", "pk": 7, "fields": {"group": 3, "workout": 12, "date": "2020-07-28"}}, {"model": "api.suggestion", "pk": 8, "fields": {"group": 4, "workout": 24, "date": "2020-07-28"}}, {"model": "api.suggestion", "pk": 9, "fields": {"group": 2, "workout": 24, "date": "2020-07-29"}}, {"model": "api.suggestion", "pk": 10, "fields": {"group": 1, "workout": 14, "date": "2020-07-29"}}, {"model": "api.comment", "pk": 12, "fields": {"user": 2, "activity": 4, "time": "2020-07-24T20:37:34.353Z", "text": "New comment"}}, {"model": "api.comment", "pk": 13, "fields": {"user": 2, "activity": 22, "time": "2020-07-24T20:49:01.767Z", "text": "New comment.\nThis one even has two lines!"}}, {"model": "api.comment", "pk": 19, "fields": {"user": 2, "activity": 18, "time": "2020-07-24T21:30:45.917Z", "text": "Test comment!"}}, {"model": "api.comment", "pk": 30, "fields": {"user": 8, "activity": 25, "time": "2020-07-25T04:41:57.136Z", "text": "Test comment"}}, {"model": "api.comment", "pk": 31, "fields": {"user": 8, "activity": 28, "time": "2020-07-25T04:49:26.377Z", "text": "The emoji appears to work"}}, {"model": "authtoken.token", "pk": "0ae8b106a93b04160b95e658b2f5b81f0a0cb18f", "fields": {"user": 13, "created": "2020-07-09T23:09:46.411Z"}}, {"model": "authtoken.token", "pk": "2762a3628cb587687a99d876aa0dd02c69cd5222", "fields": {"user": 11, "created": "2020-07-09T21:07:36.903Z"}}, {"model": "authtoken.token", "pk": "335c400e4316d80d06c88c4f41fba03d66f75ad4", "fields": {"user": 14, "created": "2020-07-10T00:05:08.760Z"}}, {"model": "authtoken.token", "pk": "392ab8f3c2051d77c1227155e5820885d0a5cc7b", "fields": {"user": 2, "created": "2020-06-14T21:22:13.260Z"}}, {"model": "authtoken.token", "pk": "4740a57af3db0c51479ac5ae7c877579a9e359c7", "fields": {"user": 3, "created": "2020-07-12T14:57:41.338Z"}}, {"model": "authtoken.token", "pk": "592e41d655eb953bc6f3f39fa0372b2d0143bc86", "fields": {"user": 8, "created": "2020-06-24T02:41:07.241Z"}}, {"model": "authtoken.token", "pk": "8327bce046bddfe29543ac45f9331fe31c71b4d5", "fields": {"user": 12, "created": "2020-07-09T23:00:35.672Z"}}, {"model": "authtoken.token", "pk": "eed9765b6bd423fab63fc68a647ee98fe3007482", "fields": {"user": 15, "created": "2020-07-10T00:07:18.125Z"}}, {"model": "authtoken.token", "pk": "f561cb8ff0d6d8bb04a686e0a420815a40c21b7f", "fields": {"user": 1, "created": "2020-06-25T19:27:43.408Z"}}]